Name,Slug,County,Category,Has Photo,Photo URL
"10 Barrel Brewing","ten-barrel-brewing","","90min","No",""
"13 Gates of Terror","13-gates-terror-abq","","3h","No",""
"13th Floor Denver","13th-floor-denver","","3h","No",""
"13th Floor Phoenix","13th-floor-phoenix","","3h","No",""
"13th Gate","13th-gate-baton-rouge","","3h","No",""
"15th & 15th - Sugar House Neighborhood Hub","15th-and-15th-sugar-house-neighborhood-hub","Salt Lake County","30min","No",""
"31 Freak Street","31-freak-street-las-vegas","","3h","No",""
"A. Fisher Brewing Company","a-fisher-brewing-company","Salt Lake County","30min","No",""
"Abraham/Crater Hot Springs","abraham-crater-hot-springs","Millard County","5h","No",""
"Acoma Massacre","acoma-massacre-nm","Cibola","12h","No",""
"Adams Canyon Trail","adams-canyon-trail","Davis County","90min","No",""
"Agate Hill","agate-beach","Idaho`","5h","No",""
"Airborne Trampoline Arena","airborne-trampoline-arena","Salt Lake County","30min","No",""
"Ajax","ajax","Salt Lake County","90min","No",""
"Alabama Hills","alabama-hills-film-location","Inyo","12h","No",""
"Alamosa","alamosa","Alamosa County","8h","No",""
"Albuquerque","albuquerque","Bernalillo County","90min","No",""
"Albuquerque International Balloon Fiesta","albuquerque-international-balloon-fiesta","Bernalillo County","90min","No",""
"Alchemy Coffee","alchemy-coffee","Salt Lake County","30min","No",""
"Alferd Packer Massacre Sites","alferd-packer-massacre","Hinsdale","5h","No",""
"Alliance","alliance","Box Butte County","12h","No",""
"Alpine Loop","alpine-loop","Utah County","90min","No",""
"Alta Wildflower Festival","alta-wildflower-festival","Salt Lake County","90min","No",""
"Alta's Rustler Lodge","altas-rustler-lodge","Salt Lake County","90min","No",""
"Alvord Desert","alvord-desert","Harney County","12h","No",""
"Amarillo","amarillo","Potter County","12h","No",""
"American Legion Post No. 9 - Ogden","american-legion-ogden-dumb-dumber","Weber","3h","No",""
"American West Heritage Center","american-west-heritage-center","Cache County","3h","No",""
"Amy Wroe Bechtel Disappearance","amy-wroe-bechtel-disappearance","Fremont","8h","No",""
"Anaconda","anaconda","Deer Lodge County","8h","No",""
"Anasazi State Park Museum","anasazi-state-park","","3h","No",""
"Anasazi Valley","anasazi-valley-st-george","Washington County","5h","No",""
"Anderson-Foothill Branch (library)","anderson-foothill-branch-library","Salt Lake County","30min","No",""
"Animas Forks","animas-forks","","3h","No",""
"Anniversary Inn","anniversary-inn","Salt Lake County","30min","No",""
"Antelope Canyon","antelope-canyon","Coconino County","8h","No",""
"Antelope Canyon","antelope-canyon-film","Coconino","8h","No",""
"Antelope Island State Park","antelope-island-film-trail","Davis","3h","No",""
"Antelope Island State Park Star Parties","antelope-island-star-parties","Davis County","90min","No",""
"Apache Death Cave","apache-death-cave-az","Gila","12h","No",""
"Apollo Burger*","apollo-burger","Salt Lake County","30min","No",""
"Apple Days (Santaquin)","apple-days-santaquin","Utah County","90min","No",""
"Arcata","arcata","Humboldt County","12h","No",""
"Arch Canyon","arch-canyon","San Juan County","8h","No",""
"Arches National Park - Courthouse Towers","courthouse-towers-arches","Grand","8h","No",""
"Arches National Park - Double Arch","double-arch-arches-np","Grand","8h","No",""
"Arches National Park - International Dark Sky Park","arches-dark-sky-park","Grand County","5h","No",""
"Arches National Park Visitor Center","arches-visitor-center","","3h","No",""
"Arctic Circle (original location)","arctic-circle-original-location","Salt Lake County","30min","No",""
"Area 51","area-51","Lincoln County","5h","No",""
"Area 51 Adjacent Mysteries","area-51-adjacent","Lincoln","8h","No",""
"Area 51 Perimeter","area-51-perimeter","","3h","No",""
"Arizona Abandoned Hospitals","arizona-abandoned-hospitals","Maricopa","12h","No",""
"Arizona Native Conflict Sites","arizona-native-conflicts","Cochise","12h","No",""
"Arizona Wilderness Brewing","arizona-wilderness-brewing","","90min","No",""
"Arkansas River","arkansas-river","Chaffee County","8h","No",""
"Aryan Nations Compound","aryan-nations-compound-id","Kootenai","90min","No",""
"Ashcroft Observatory","ashcroft-observatory","Colorado","8h","No",""
"Ashland","ashland","Jackson County","12h","No",""
"Ashley National Forest - High Uintas Wilderness","ashley-wilderness","Summit County","90min","No",""
"Asian Star","asian-star","Salt Lake County","30min","No",""
"Aspen","aspen","Pitkin County","8h","No",""
"Asylum 49","asylum-49-tooele","","3h","No",""
"Atlanta","atlanta","Elmore County","5h","No",""
"Aurora Theater Shooting","aurora-theater-shooting","Arapahoe","5h","No",""
"Avery Brewing","avery-brewing","","90min","No",""
"B&D Burgers","b-and-d-burgers","Salt Lake County","30min","No",""
"Badlands National Park","badlands-national-park","Pennington County","12h","No",""
"Baker City","baker-city","Baker County","8h","No",""
"Baker Hot Springs","baker-hot-springs","Millard County","3h","No",""
"Bakersfield","bakersfield","Kern County","12h","No",""
"Balance Rock","balance-rock-helper-canyon","Carbon County","3h","No",""
"Balanced Rock","balanced-rock-arches-np","Grand County","5h","No",""
"Bandelier National Monument","bandelier-national-monument","Los Alamos County","12h","No",""
"Bannack State Park","bannack-state-park-vigilantes","Beaverhead","90min","No",""
"Bar Nohm","bar-nohm","Salt Lake County","30min","No",""
"Barbarian Brewing","barbarian-brewing","","90min","No",""
"Baseline Killer Crime Corridor","baseline-killer-phoenix","Maricopa","90min","No",""
"Bayville Scream Park","bayville-scream-park","","3h","No",""
"Bear River Massacre Site","bear-river-massacre","Franklin","5h","No",""
"Bear River Migratory Bird Refuge","bear-river-bird-refuge","","3h","No",""
"Beartooth Highway","beartooth-highway","Carbon County","8h","No",""
"Beaver Courthouse and Historic District","beaver-courthouse-and-historic-district","Beaver County","3h","No",""
"Bellagio Fountains - Ocean's Eleven","bellagio-fountains-oceans-eleven","","8h","No",""
"Bellevue","bellevue","King County","12h","No",""
"Bellingham","bellingham","Whatcom County","12h","No",""
"Bells Canyon Lower Pool","bells-canyon-lower-pool","Salt Lake County","90min","No",""
"Bend","bend","Deschutes County","12h","No",""
"Bennett Curse","bennett-curse-baltimore","","3h","No",""
"Best Friends Animal Sanctuary","best-friends-sanctuary","","3h","No",""
"Bewilder Brewing Company","bewilder-brewing-company","","90min","No",""
"Big Bear Park","big-bear-park","Salt Lake County","90min","No",""
"Big Cottonwood Canyon","big-cottonwood-canyon-wasatch","","3h","No",""
"Big Rock Candy Mountain","big-rock-candy-mountain","Piute County","3h","No",""
"Big Sky","big-sky","Madison County","8h","No",""
"Big Sky Brewing","big-sky-brewing","","90min","No",""
"Big Sky Resort","big-sky-resort","Madison County","8h","No",""
"Big Sur","big-sur","Monterey County","12h","No",""
"Bigfork","bigfork","Flathead County","8h","No",""
"Bighorn Canyon National Recreation Area","bighorn-canyon-national-recreation-area","Big Horn County","8h","No",""
"Billings","billings","Yellowstone County","8h","No",""
"Billy the Kid Courthouse Escape","billy-the-kid-lincoln","Lincoln","12h","No",""
"Bingham Creek Library","bingham-creek-library","Salt Lake County","90min","No",""
"Bishop","bishop","Inyo County","12h","No",""
"Bishop Castle","bishop-castle-film","Custer","8h","No",""
"Bishop Castle","bishop-castle-co","Pueblo","8h","No",""
"Bishop Castle","bishop-castle-physics","","3h","No",""
"Bismarck","bismarck","Burleigh County","12h","No",""
"Bitter Creek Brewing","bitter-creek-brewing","","90min","No",""
"Black Book Barred Hotels","black-book-hotels-vegas","Clark","8h","No",""
"Black Canyon of the Gunnison","black-canyon-of-the-gunnison","","3h","No",""
"Black Canyon of the Gunnison National Park","black-canyon-of-the-gunnison-national-park","Montrose County","8h","No",""
"Black Dahlia Connection Denver","black-dahlia-denver","Denver","8h","No",""
"Black Desert Resort Golf Course","black-desert-resort-golf-course","","3h","No",""
"Black Dragon Canyon","black-dragon-canyon","Emery County","5h","No",""
"Black Project Spontaneous & Wild Ales","black-project-brewing","","90min","No",""
"Blackout","blackout-haunted-house","","3h","No",""
"Blind Frog Ranch","blind-frog-ranch","","3h","No",""
"BLM Lands Near Goblin Valley State Park","blm-lands-near-goblin-valley","Emery County","5h","No",""
"Blondie's Eatery","blondies-eatery-hanksville","Wayne County","5h","No",""
"Bloomington Petroglyph Park","bloomington-petroglyph-park","Washington County","5h","No",""
"Blue Copper Coffee Room","blue-copper-coffee-room","Salt Lake County","30min","No",""
"Blue Gene's","blue-genes","Salt Lake County","30min","No",""
"Blue John Canyon","blue-john-canyon-127-hours","Grand","8h","No",""
"Blue Lake/Bonneville Seabase","blue-lake-bonneville-seabase","Tooele County","90min","No",""
"Bodie Ghost Town","bodie-ghost-town-ca","Mono","12h","No",""
"Bodie Ghost Town","bodie-ghost-town","","3h","No",""
"Bodie State Historic Park","bodie-state-historic-park","Mono County","12h","No",""
"Bog Water Brewing","bog-water-brewing","Weber County","90min","No",""
"Bohemian Brewery","bohemian-brewery","","90min","No",""
"Boise","boise","Ada County","5h","No",""
"Boise Brewing","boise-brewing","","90min","No",""
"Boise/Meridian - Bronco Billy","boise-bronco-billy","","12h","No",""
"Bonanza","bonanza","Uintah County","5h","No",""
"Boneyard Beer","boneyard-beer","","90min","No",""
"Boneyard Saloon & Wine Dive","boneyard-saloon-and-wine-dive","Summit County","90min","No",""
"Bonneville Brewery","bonneville-brewery","","90min","No",""
"Bonneville Golf Course","bonneville-golf-course","","30min","No",""
"Bonneville Golf Course - Salt Lake City","bonneville-golf-course-slc","","3h","No",""
"Bonneville Salt Flats","bonneville-salt-flats","Tooele County","3h","No",""
"Bonneville Salt Flats","bonneville-salt-flats-film","Tooele","5h","No",""
"Bonneville Seabase","bonneville-seabase","","3h","No",""
"Book Cliffs - Septarian Nodules","book-cliffs-septarian-nodules","Grand County","5h","No",""
"Book Cliffs Roads","book-cliffs-roads","Grand County","5h","No",""
"Boulder","boulder","Boulder County","8h","No",""
"Boulder Mountain","boulder-mountain","Garfield County","5h","No",""
"Bountiful Handcart Days","bountiful-handcart-days","Davis County","30min","No",""
"Box Elder County Courthouse","box-elder-courthouse-film","Box Elder","3h","No",""
"Box Elder County Fair & Rodeo","box-elder-county-fair-rodeo","Box Elder County","90min","No",""
"Bozeman","bozeman","Gallatin County","8h","No",""
"Bozeman Brewing Company","bozeman-brewing-company","","90min","No",""
"Breaking Bad RV Location - To'hajiilee","breaking-bad-rv-location","Cibola","90min","No",""
"Breckenridge","breckenridge","Summit County","12h","No",""
"Brian Head Fall Colors","brian-head-fall-colors","Iron County","5h","No",""
"Bridal Veil Falls","bridal-veil-falls","Utah County","90min","No",""
"Brighton Lakes Trail","brighton-lakes-trail-big-cottonwood","","3h","No",""
"Browns Park","browns-park","Daggett County","5h","No",""
"Bruges Waffles & Frites","bruges-waffles-and-frites","Salt Lake County","30min","No",""
"Brundage Mountain","brundage-mountain","Valley County","5h","No",""
"Bryce Canyon Astronomy Festival","bryce-canyon-astronomy-festival","Garfield County","5h","No",""
"Bryce Canyon Country Rodeo (Panguitch)","bryce-canyon-country-rodeo-panguitch","Garfield County","5h","No",""
"Bryce Canyon Geology Festival","bryce-canyon-geology-festival","Garfield County","5h","No",""
"Bryce Canyon National Park","bryce-canyon-film-location","Garfield","8h","No",""
"Bryce Canyon National Park - Astronomy Programs","bryce-canyon-national-park-astronomy-programs","Garfield County","5h","No",""
"Bryce Canyon Visitor Center","bryce-canyon-visitor-center","","3h","No",""
"Buckhorn Wash","buckhorn-wash","Wayne County","5h","No",""
"Buffalo Bill Center of the West","buffalo-bill-center-of-the-west","Park County","8h","No",""
"Bugsy Siegel Las Vegas Sites","bugsy-siegel-vegas","Clark","5h","No",""
"Burning Man","burning-man","Washoe County","8h","No",""
"Burr Trail","burr-trail","Garfield County","5h","No",""
"Burr Trail Outpost","burr-trail-outpost-boulder","Garfield County","5h","No",""
"Butch Cassidy Days (Circleville)","butch-cassidy-days-circleville","Piute County","3h","No",""
"Butch Cassidy's Childhood Home","butch-cassidys-childhood-home-circleville","Piute County","3h","No",""
"Butler Wash","butler-wash","San Juan County","8h","No",""
"Butte Mining Disasters","butte-mining-disasters","Silver Bow","5h","No",""
"Cabela's","cabelas","Utah County","30min","No",""
"Cache County Fair & Rodeo","cache-county-fair-and-rodeo","Cache County","3h","No",""
"Cache Valley Cruise-In","cache-valley-cruise-in","Cache County","90min","No",""
"Cadillac Ranch","cadillac-ranch","Potter County","12h","No",""
"Cafe Diablo","cafe-diablo-torrey","Wayne County","5h","No",""
"Café on 1st","cafe-on-1st","Salt Lake County","30min","No",""
"Cahoots - Board Game Cafe","cahoots-board-game-cafe","Utah County","90min","No",""
"Calf Creek Falls and Lower Calf Creek Falls Recreation Area","calf-creek-falls-and-lower-calf-creek-falls-recreation-area","Garfield County","5h","No",""
"Calico Ghost Town","calico-ghost-town","","3h","No",""
"California Gold Rush Violence","ca-gold-rush-violence","El Dorado","12h","No",""
"Campos Coffee","campos-coffee","Salt Lake County","30min","No",""
"Cannibal Plateau","cannibal-plateau-co","Hinsdale","5h","No",""
"Cañon City","canon-city","Fremont County","12h","No",""
"Canyon de Chelly National Monument","canyon-de-chelly-film","Apache","90min","No",""
"Canyon Rim Park","canyon-rim-park","Salt Lake County","30min","No",""
"Canyonlands National Park - Island in the Sky District","canyonlands-national-park-island-in-the-sky","San Juan County","8h","No",""
"Capitol Reef Harvest Homecoming","capitol-reef-harvest-homecoming","Wayne County","5h","No",""
"Capitol Reef Heritage Starfest","capitol-reef-heritage-starfest","Wayne County","5h","No",""
"Capitol Reef National Park - Gold Tier Dark Sky Park","capitol-reef-national-park-gold-tier-dark-sky-park","Wayne County","5h","No",""
"Capitol Reef National Park Visitor Center","capitol-reef-visitor-center","","3h","No",""
"Capitol Reef Petroglyphs","capitol-reef-petroglyphs","Wayne County","5h","No",""
"Carbon County International Days","carbon-county-international-days","Carbon County","3h","No",""
"Carhenge","carhenge","Box Butte County","12h","No",""
"Carlsbad Caverns National Park","carlsbad-caverns-national-park","Eddy County","12h","No",""
"Carlsbad Caverns Underground","carlsbad-caverns-underground","","3h","No",""
"Carmel-by-the-Sea","carmel-by-the-sea","Monterey County","12h","No",""
"Cascade","cascade","Valley County","5h","No",""
"Casey Moore Oyster House","casey-moore-oyster-house","","3h","No",""
"Casper","casper","Natrona County","5h","No",""
"Castle Dale Museum","castle-dale-museum","Emery County","3h","No",""
"Castle Gate Mine Disaster","castle-gate-mine-disaster","Carbon","30min","No",""
"Castle of Chaos","castle-of-chaos-midvale","","3h","No",""
"Castle Pines Golf Club","castle-pines-golf-club","","3h","No",""
"Castle Rock","castle-rock-castle-valley","Grand County","5h","No",""
"Castle Valley - Westworld Location","castle-valley-westworld","Grand","8h","No",""
"Cathedral Valley","cathedral-valley","Wayne County","5h","No",""
"Cattle Kate Lynching","cattle-kate-lynching","Carbon","3h","No",""
"Causey Reservoir","causey-reservoir","Weber County","90min","No",""
"Cedar Breaks National Monument - IDA Dark Sky Park","cedar-breaks-national-monument-ida-dark-sky-park","Iron County","5h","No",""
"Cedar Breaks National Monument Star Parties","cedar-breaks-star-parties","Iron County","5h","No",""
"Cedar Breaks Wildflower Festival","cedar-breaks-wildflower-festival","Iron County","5h","No",""
"Cedar City Rock Art","cedar-city-rock-art","Iron County","5h","No",""
"Cedar Mesa","cedar-mesa","San Juan County","8h","No",""
"Cedars of Lebanon State Park","cedars-of-lebanon-state-park","Juab County","90min","No",""
"Centennial Park","centennial-park","Salt Lake County","30min","No",""
"Chaco Canyon","chaco-canyon","","3h","No",""
"Chaco Culture National Park","chaco-culture-national-park","San Juan County","8h","No",""
"Chad Daybell Lori Vallow Murder Site","daybell-vallow-murder-salem","Fremont","5h","No",""
"Challis","challis","Custer County","5h","No",""
"Channel Islands National Park","channel-islands-national-park","Ventura County","12h","No",""
"Chanon Thai","chanon-thai","Salt Lake County","30min","No",""
"Chapman Branch (library)","chapman-branch-library","Salt Lake County","30min","No",""
"Chappel Brewing","chappel-brewing","","90min","No",""
"Charlie Kirk Assassination Site (UVU)","charlie-kirk-assassination-uvu","Salt Lake","3h","No",""
"Chase Home Museum of Folk Art","chase-home-museum-of-folk-art","Salt Lake County","30min","No",""
"Cheesman Park","cheesman-park-bodies","","3h","No",""
"Cheesman Park - Denver","cheesman-park-denver-film","Denver","8h","No",""
"Cheesman Park Denver","cheesman-park-denver","Denver","5h","No",""
"Cherry Days (North Ogden)","cherry-days-north-ogden","Weber County","90min","No",""
"Cheyenne","cheyenne","Laramie County","8h","No",""
"Cheyenne Frontier Days Deaths","cheyenne-frontier-deaths","Laramie","8h","No",""
"Cheyenne Mountain - NORAD","cheyenne-mountain-norad-film","El Paso","8h","No",""
"Chico","chico","Butte County","12h","No",""
"Chico Hot Springs","chico-hot-springs","Park County","8h","No",""
"Chief Joseph Ranch - Yellowstone Dutton Ranch","chief-joseph-ranch-yellowstone","","12h","No",""
"Chimney Rock National Historic Site","chimney-rock-national-historic-site","Morrill County","12h","No",""
"Chinatown Supermarket","chinatown-supermarket","Salt Lake County","30min","No",""
"Chinese Massacre Cove","chinese-massacre-cove-id","Idaho","90min","No",""
"Chloride Ghost Town","chloride-ghost-town-az","Mohave","8h","No",""
"Chunga's","chungas","Salt Lake County","30min","No",""
"Church History Museum","church-history-museum","Salt Lake County","30min","No",""
"Cincinnati Fear Fest","cincinnati-fear-fest","","3h","No",""
"Cisco","cisco","Grand County","5h","No",""
"Cisco Ghost Town","cisco-ghost-town","Grand","30min","No",""
"City Creek Center","city-creek-center","Salt Lake County","30min","No",""
"City of Rocks National Reserve","city-of-rocks-film","Cassia","8h","No",""
"City of Rocks National Reserve","city-of-rocks-national-reserve","Cassia County","3h","No",""
"Clark Planetarium","clark-planetarium-slc","Salt Lake County","30min","No",""
"Classic Fun Center","classic-fun-center","Salt Lake County","30min","No",""
"Cleveland-Lloyd Dinosaur Quarry","cleveland-lloyd-quarry","","3h","No",""
"Cleveland-Lloyd Dinosaur Quarry","cleveland-lloyd-dinosaur-quarry","Emery County","3h","No",""
"Coalville Rodeo","coalville-rodeo","Summit County","90min","No",""
"Cody","cody","Park County","8h","No",""
"Coeur d'Alene","coeur-dalene","Kootenai County","12h","No",""
"Collie's Sports Bar & Grill","collies-sports-bar-and-grill","Summit County","90min","No",""
"Colorado National Monument","colorado-national-monument","Mesa County","5h","No",""
"Colorado Penitentiary Riot Sites","colorado-pen-riots","Fremont","3h","No",""
"Colorado Springs","colorado-springs","El Paso County","12h","No",""
"Colorado Territorial Prison Museum","colorado-territorial-prison","Fremont","5h","No",""
"Columbia Falls","columbia-falls","Flathead County","8h","No",""
"Columbine High School","columbine-high-school","Jefferson","30min","No",""
"Columbus Library","columbus-library","Cache County","90min","No",""
"Compass Rose Lodge","compass-rose-lodge-film","Wasatch","3h","No",""
"Conestoga Golf Club","conestoga-golf-club","","3h","No",""
"Constitution Park","constitution-park","Salt Lake County","30min","No",""
"Continental Divide","continental-divide","Multiple","8h","No",""
"Copper Common","copper-common","Salt Lake County","30min","No",""
"Copper Mountain","copper-mountain","Summit County","12h","No",""
"Copper Ridge Dinosaur Tracks","copper-ridge-dinosaur-tracks","Grand County","3h","No",""
"Copper Rock Golf Course","copper-rock-golf-course","","3h","No",""
"Copperton Park","copperton-park","Salt Lake County","30min","No",""
"Coral Canyon Golf Course","coral-canyon-golf-course","","3h","No",""
"Coral Pink Sand Dunes State Park","coral-pink-sand-dunes-film","Kane","8h","No",""
"Coral Pink Sand Dunes State Park","coral-pink-sand-dunes-state-park","Kane County","5h","No",""
"Corinne & Jack Sweet Branch (library)","corinne-jack-sweet-branch-library","Salt Lake County","30min","No",""
"Corvallis","corvallis","Benton County","12h","No",""
"Cotton Days","cotton-days-washington","Washington County","5h","No",""
"Cottonwood Canyon Road","cottonwood-canyon-road","Salt Lake County","90min","No",""
"Cottonwood Heights Recreation Center","cottonwood-heights-recreation-center","Salt Lake County","30min","No",""
"Cottonwood Regional Softball Complex","cottonwood-regional-softball-complex","Salt Lake County","30min","No",""
"Cougar Park","cougar-park","Salt Lake County","90min","No",""
"Courthouse Wash (Arches)","courthouse-wash-arches","Grand County","5h","No",""
"Cove Fort","cove-fort","Millard County","5h","No",""
"Cowabunga Bay Water Park","cowabunga-bay-water-park","Salt Lake County","30min","No",""
"Craig","craig","Moffat County","5h","No",""
"Crater Lake National Park","crater-lake-national-park","Klamath County","12h","No",""
"Craters of the Moon","craters-of-the-moon","","3h","No",""
"Craters of the Moon National Monument","craters-of-the-moon-film","Butte","8h","No",""
"Craters of the Moon National Monument","craters-of-the-moon-national-monument","Butte County","5h","No",""
"Crazy Horse Memorial","crazy-horse-memorial","Custer County","12h","No",""
"Creepyworld Haunted Screampark","creepyworld-fenton","","3h","No",""
"Crested Butte","crested-butte","Gunnison County","8h","No",""
"Crestwood Park","crestwood-park","Salt Lake County","30min","No",""
"Crestwood Pool","crestwood-pool","Salt Lake County","30min","No",""
"Cripple Creek Shootouts","cripple-creek-shootouts","Teller","5h","No",""
"Crown Burgers*","crown-burgers","Salt Lake County","30min","No",""
"Crux Fermentation Project","crux-fermentation-project","","90min","No",""
"Crystal Hot Springs (Honeyville)","crystal-hot-springs-honeyville","Box Elder County","90min","No",""
"Crystal Mountain Resort","crystal-mountain-resort","Pierce County","12h","No",""
"Crystal Peak","crystal-peak","Millard County","5h","No",""
"Cub Creek","cub-creek-dinosaur-nm","Uintah County","5h","No",""
"Cub Creek (Dinosaur NM)","cub-creek-(dinosaur-nm)","Uintah County","5h","No",""
"Curecanti National Recreation Area","curecanti-national-recreation-area","Gunnison County","8h","No",""
"Current Fish and Oyster","current-fish-and-oyster","Salt Lake County","30min","No",""
"Custer State Park","custer-state-park","Custer County","12h","No",""
"Cut Bank","cut-bank","Glacier County","8h","No",""
"Cutting Edge Haunted House","cutting-edge-fort-worth","","3h","No",""
"Dahlia Days (Lehi)","dahlia-days-lehi","Juab County","90min","No",""
"Dairy Keen (Heber)","dairy-keen-heber","Wasatch County","90min","No",""
"Dark Corner Haunted House","dark-corner-reno","","3h","No",""
"Darrien Hunt Shooting","darrien-hunt-shooting-saratoga","Utah","3h","No",""
"Daughters of Utah Pioneers Museum","Extraordinary","Salt Lake County","30min","No",""
"David Gourley Park","david-gourley-park","Salt Lake County","30min","No",""
"David Parker Ray Toy Box","david-parker-ray-toy-box","Sierra","3h","No",""
"David Wolpert House","wolpert-mansion-riverdale","","3h","No",""
"Day-Riverside Branch (library)","day-riverside-branch-library","Salt Lake County","30min","No",""
"Days of '47 Parade (SLC)","days-of-47-parade-slc","Salt Lake County","30min","No",""
"Days of '47 Rodeo (SLC)","days-of-47-rodeo-slc","Salt Lake County","30min","No",""
"Dead Horse Point State Park","dead-horse-point-film-location","Grand","8h","No",""
"Dead Horse Point State Park - International Dark Sky Park","dead-horse-point-state-park","Grand County","5h","No",""
"Dead Horse Point State Park Star Party","dead-horse-point-star-party","Grand County","5h","No",""
"Dead Horse Point State Park Yurts","dead-horse-point-state-park-yurts","Grand County","5h","No",""
"Deadwood","deadwood","Lawrence County","8h","No",""
"Death Valley National Park","death-valley-national-park","Inyo County","8h","No",""
"Death Valley National Park","death-valley-film-location","Inyo","12h","No",""
"Death Valley's Moving Rocks","death-valleys-moving-rocks","","3h","No",""
"Decker Lake Park","decker-lake-park","Salt Lake County","30min","No",""
"Deer Valley High Mountain Home","deer-valley-mary-home","Summit","3h","No",""
"Deer Valley Music Festival","deer-valley-music-festival","Summit County","90min","No",""
"Delicate Arch","delicate-arch","Grand County","5h","No",""
"Delta Dark Sky Areas","delta-dark-sky-areas","Millard County","3h","No",""
"Delta Demolition Derby","delta-demolition-derby","Millard County","3h","No",""
"Delta Rodeo","delta-rodeo","Millard County","3h","No",""
"Denver International Airport","denver-airport","","3h","No",""
"Deschutes Brewery","deschutes-brewery","","90min","No",""
"Deseret Peak","deseret-peak","","3h","No",""
"Desert Edge Brewery","desert-edge-brewery","","90min","No",""
"Desert of Screams","desert-of-screams-las-vegas","","3h","No",""
"Desert Sirens - Great Basin","desert-sirens-great-basin","","3h","No",""
"Devereaux Mansion","devereaux-mansion-slc","Salt Lake","30min","No",""
"Devil's Gate","devils-gate","","3h","No",""
"Devil's Slide (Weber Canyon)","devils-slide-weber-canyon","Morgan County","90min","No",""
"Devils Garden","devils-garden-arches","Grand County","5h","No",""
"Devils Tower Climbing Deaths","devils-tower-deaths","Crook","90min","No",""
"Devils Tower National Monument","devils-tower-film-location","Crook","90min","No",""
"Devils Tower National Monument","devils-tower-national-monument","Crook County","8h","No",""
"Diamond Mountain","diamond-mountain","Summit County","3h","No",""
"Dickinson","dickinson","Stark County","12h","No",""
"Dillon","dillon","Beaverhead County","5h","No",""
"Dimple Dell Park","dimple-dell-park","Salt Lake County","30min","No",""
"Dinosaur National Monument","dinosaur-national-monument-vernal","","3h","No",""
"Dinosaur National Monument","dinosaur-national-monument","Moffat County","3h","No",""
"Dinosaur National Monument - Quarry Exhibit Hall","dinosaur-national-monument-quarry-exhibit-hall","Uintah County","5h","No",""
"Dinosaur Roundup","dinosaur-roundup-vernal","Uintah County","5h","No",""
"Discovery Gateway Children's Museum","discovery-gateway-childrens-museum","Salt Lake County","30min","No",""
"Disneyland Park","disneyland-park","Orange County","12h","No",""
"Dixie National Forest - Boulder Mountain","dixie-national-forest-boulder-mountain","Garfield County","5h","No",""
"Dixie Red Hills Golf Course","dixie-red-hills-golf-course","","3h","No",""
"Doc Holliday Grave","doc-holliday-grave-glenwood","Garfield","8h","No",""
"Dodge City","dodge-city","Ford County","12h","No",""
"Donner Memorial State Park","donner-memorial-park","","3h","No",""
"Donner Party Nevada Route","donner-party-nevada","Elko","90min","No",""
"Donner Party Sierra Segment","donner-party-sierra-ca","Nevada","12h","No",""
"Donner Trail Park","donner-trail-park","Salt Lake County","30min","No",""
"Donut Falls Pool (Doughnut Falls Pool)","donut-falls-pool","Salt Lake County","90min","No",""
"Downtown Farmers Market (SLC)","downtown-farmers-market-slc","Salt Lake County","30min","No",""
"Dr Slaughter House of Terror","dr-slaughter-idaho-falls","","3h","No",""
"Drafts Burger Bar","drafts-burger-bar","Summit County","90min","No",""
"Draper Haunted Trail","draper-haunted-trail","","3h","No",""
"Dream Mine (Relief Mine)","dream-mine-relief-mine","","3h","No",""
"Drift Lounge","drift-lounge","Salt Lake County","30min","No",""
"Dry Creek Canyon Campsite","dry-creek-canyon-campsite","Salt Lake","3h","No",""
"Dugway Proving Ground","dugway-proving-ground","","3h","No",""
"Dugway Proving Ground Perimeter","dugway-proving-ground-perimeter","Tooele County","3h","No",""
"Dulce Base","dulce-underground-base","","3h","No",""
"Durango","durango","La Plata County","8h","No",""
"Durango & Silverton Narrow Gauge Railroad","durango-silverton-railroad-film","La Plata","8h","No",""
"East Canyon State Park","east-canyon-state-park","Morgan County","90min","No",""
"East Fork Sevier","east-fork-sevier","Sevier County","5h","No",""
"East Fork Sevier River Trail","east-fork-sevier-river-trail","Piute County","3h","No",""
"East High School - High School Musical","east-high-school-musical","","3h","No",""
"East Liberty Tap House","east-liberty-tap-house","Salt Lake County","30min","No",""
"Eastern State Penitentiary","eastern-state-penitentiary","","3h","No",""
"Eating Establishment ("Double E")","eating-establishment-double-e","Summit County","90min","No",""
"Edge of the Cedars State Park Museum","edge-of-cedars","","3h","No",""
"Edgewood Tahoe Golf Course","edgewood-tahoe-golf-course","","3h","No",""
"Edison House","edison-house","Salt Lake County","30min","No",""
"Eggs In the City","eggs-in-the-city","Salt Lake County","30min","No",""
"El Chihuahua Restaurant","el-chihuahua-restaurant","Salt Lake County","30min","No",""
"El Paisa Grill","el-paisa-grill","Salt Lake County","30min","No",""
"El Rocoto","el-rocoto","Salt Lake County","30min","No",""
"Electric Lake","electric-lake","Emery County","3h","No",""
"Elephant Rock - Valley of Fire","elephant-rock-valley-of-fire","Clark County","8h","No",""
"Elizabeth Smart Kidnapping Site","elizabeth-smart-kidnapping","Salt Lake","5h","No",""
"Elizabeth Smart Rescue Site","elizabeth-smart-rescue-sandy","Salt Lake","30min","No",""
"Ellensburg","ellensburg","Kittitas County","12h","No",""
"Emigration Canyon","emigration-canyon","Salt Lake County","90min","No",""
"Ennis","ennis","Madison County","5h","No",""
"Ensenada","ensenada","Baja California","12h","No",""
"Enterprise","enterprise","Wallowa County","12h","No",""
"Entrada at Snow Canyon Country Club","entrada-at-snow-canyon","","3h","No",""
"Ephraim Co-op","ephraim-co-op","Sanpete County","3h","No",""
"Ephraim Rodeo","ephraim-rodeo","Sanpete County","3h","No",""
"Epic Brewing Company","epic-brewing-company","","90min","No",""
"Erebus Haunted Attraction","erebus-pontiac","","3h","No",""
"Escalante","escalante","Garfield County","5h","No",""
"Escalante Petrified Forest State Park","escalante-petrified-forest-state-park","Garfield County","5h","No",""
"Escalante River Pools","escalante-river-pools","Garfield County","5h","No",""
"Escape the Madhouse","escape-the-madhouse-pocatello","","3h","No",""
"Estes Park","estes-park","Larimer County","12h","No",""
"Etta Place Cider","etta-place-cider","","90min","No",""
"Eugene","eugene","Lane County","12h","No",""
"Eureka","eureka","Humboldt County","12h","No",""
"Eureka Ghost Town","eureka-ghost-town","Juab County","3h","No",""
"Eureka Mining Disasters","eureka-mining-disasters","Juab","5h","No",""
"European Tastees Bakery","european-tastees-bakery","Salt Lake County","30min","No",""
"Eva's Bakery","evas-bakery","Salt Lake County","30min","No",""
"Everett","everett","Snohomish County","12h","No",""
"Extraterrestrial Highway","extraterrestrial-highway","Lincoln County","8h","No",""
"Factory Butte","factory-butte","Wayne County","5h","No",""
"Factory Of Terror","factory-of-terror-canton","","3h","No",""
"Fairmont Aquatic Center","fairmont-aquatic-center","Salt Lake County","30min","No",""
"Fairmont Park","fairmont-park","Salt Lake County","30min","No",""
"Fairview Lakes","fairview-lakes","Summit County","3h","No",""
"Fairview Museum of History and Art","fairview-museum-of-history-and-art","Sanpete County","3h","No",""
"Fantasy Canyon","fantasy-canyon","Uintah County","5h","No",""
"Fargo","fargo","Cass County","12h","No",""
"Farm Country at Thanksgiving Point","farm-country-at-thanksgiving-point","Utah County","90min","No",""
"Fashion Place Mall - Bundy Abduction Attempt","fashion-place-mall-bundy","Salt Lake","30min","No",""
"Father Day Bank Fire","fathers-day-bank-fire-id","Ada","90min","No",""
"Faultline Park","faultline-park","Salt Lake County","30min","No",""
"Fear Factory SLC","fear-factory-slc","","3h","No",""
"Fear Farm","fear-farm-glendale","","3h","No",""
"Fear Overload Scream Park","fear-overload-sf-bay","","3h","No",""
"Ferron Box","ferron-box","Emery County","3h","No",""
"Fetterman Massacre","fetterman-massacre-wy","Johnson","90min","No",""
"Fetterman Massacre Site","fetterman-massacre-co","Johnson","90min","No",""
"Fielding Garr Ranch","fielding-garr-ranch","","3h","No",""
"Fifth Water Hot Springs","fifth-water-hot-springs","Utah County","90min","No",""
"FiftyFifty Brewing","fiftyfifty-brewing","","90min","No",""
"Fillmore Territorial Statehouse State Park Museum","fillmore-territorial-statehouse-state-park-museum","Millard County","3h","No",""
"First Encampment Park","first-encampment-park","Salt Lake County","30min","No",""
"Fish Creek Canyon","fish-creek-canyon","Emery County","5h","No",""
"Fish Springs National Wildlife Refuge","fish-springs-national-wildlife-refuge","Juab County","3h","No",""
"Fisher Brewing","fisher-brewing","","90min","No",""
"Fisher Towers","fisher-towers","Grand County","5h","No",""
"Fishlake National Forest - Thousand Lake Mountain","fishlake-national-forest-thousand-lake-mountain","Sevier County","5h","No",""
"Flagstaff","flagstaff","Coconino County","8h","No",""
"Flaming Gorge National Recreation Area","flaming-gorge","","3h","No",""
"Flaming Gorge National Recreation Area","flaming-gorge-national-recreation-area","Daggett County","3h","No",""
"Flanagan's on Main","flanagans-on-main","Salt Lake County","30min","No",""
"Flat Iron Mesa Park","flat-iron-mesa-park","Grand County","5h","No",""
"Flathead Lake","flathead-lake","Lake County","8h","No",""
"Florissant Fossil Beds National Monument","florissant-fossil-beds-national-monument","Teller County","12h","No",""
"Fly Geyser","fly-geyser-nevada","","3h","No",""
"Folk & Bluegrass Festival (Snowbird)","folk-and-bluegrass-festival-snowbird","Salt Lake County","90min","No",""
"Folklore Haunted House","folklore-haunted-atlanta","","3h","No",""
"Forest Dale Golf Course","forest-dale-golf-course","","30min","No",""
"Forest Dale Golf Course - Salt Lake City","forest-dale-golf-course-slc","","3h","No",""
"Forrest Gump Point","forrest-gump-point-monument-valley","","8h","No",""
"Fort Cameron","fort-cameron","Beaver County","3h","No",""
"Fort Collins","fort-collins","Larimer County","8h","No",""
"Fort Duchesne","fort-duchesne","Uintah County","3h","No",""
"Fossil Butte National Monument","fossil-butte-national-monument","Lincoln County","3h","No",""
"Fountain Green Lamb Days","fountain-green-lamb-days","Sanpete County","3h","No",""
"Four Corners Monument","four-corners-monument-film","San Juan","8h","No",""
"Four Corners Monument","four-corners-monument","Montezuma County","8h","No",""
"Four Corners Vortex","four-corners-vortex","","3h","No",""
"Freakling Bros Horror Shows","freakling-bros-las-vegas","","3h","No",""
"Fremont Indian State Park","fremont-indian-state-park","Sevier County","3h","No",""
"Fremont River Gorge","fremont-river-gorge","Wayne County","5h","No",""
"Fresno","fresno","Fresno County","12h","No",""
"Frisco","frisco","Beaver County","5h","No",""
"Frisco Ghost Town","frisco-ghost-town-ut","Beaver","30min","No",""
"Frisco Ghost Town","frisco-ghost-town","","3h","No",""
"Frontier Justice Sites Wyoming","frontier-justice-wyoming","Albany","90min","No",""
"Gandy Warm Springs","gandy-warm-springs","Millard County","8h","No",""
"Garden City","garden-city","Finney County","12h","No",""
"Garden City Rodeo","garden-city-rodeo","Rich County","3h","No",""
"Garden of the Gods","garden-of-the-gods","El Paso County","12h","No",""
"Garden Valley","garden-valley","Boise County","5h","No",""
"Gardner Village","gardner-village","Salt Lake County","30min","No",""
"Garnet Ghost Town","garnet-ghost-town","","3h","No",""
"Gary Gilmore Execution Site","gary-gilmore-execution-draper","Salt Lake","5h","No",""
"Gary Gilmore Murder Sites","gary-gilmore-murder-sites","Utah","30min","No",""
"Gene Fullmer Fitness & Recreation Center","gene-fullmer-fitness-and-recreation-center","Salt Lake County","30min","No",""
"General Holm Park","general-holm-park","Salt Lake County","30min","No",""
"Geneva Steel","geneva-steel","Utah County","90min","No",""
"George Barker River Park","george-barker-river-park","Utah County","90min","No",""
"George S. Eccles Dinosaur Park","eccles-dinosaur-park-ogden","","3h","No",""
"Georgetown Morgue","georgetown-morgue-seattle","","3h","No",""
"Gilgal Sculpture Garden","gilgal-sculpture-garden","Salt Lake County","30min","No",""
"Glacier National Park","glacier-national-park-film","Flathead","90min","No",""
"Glacier National Park","glacier-national-park","Flathead County","12h","No",""
"Glacier Park Murders","glacier-park-murders-mt","Flathead","12h","No",""
"Glen Canyon National Recreation Area","glen-canyon-national-recreation-area","Kane County","8h","No",""
"Glendale Branch (library)","glendale-branch-library","Salt Lake County","30min","No",""
"Glendale Golf Course","glendale-golf-course","","30min","No",""
"Glendale Golf Course - Salt Lake City","glendale-golf-course-slc","","3h","No",""
"Glenwild Golf Club & Spa","glenwild-golf-club-spa","","3h","No",""
"Goblin Valley State Park","goblin-valley-state-park","Emery County","5h","No",""
"Goblin Valley State Park","goblin-valley-galaxy-quest","Emery","8h","No",""
"Gold Hill","gold-hill","Tooele County","3h","No",""
"Goldbug Hot Springs","goldbug-hot-springs","Lemhi County","5h","No",""
"Golden Gate National Recreation Area","golden-gate-national-recreation-area","San Francisco County","12h","No",""
"Golden Spike National Historic Site","golden-spike-national-historic-site","Box Elder County","3h","No",""
"Golden Spike National Historical Park","golden-spike","","3h","No",""
"Goldfield Ghost Town","goldfield-ghost-town","","3h","No",""
"Goldfield Ghost Town Murders","goldfield-murders-nv","Esmeralda","90min","No",""
"Golf Course Rock Art (Moab)","golf-course-rock-art-moab","Grand County","5h","No",""
"Golf the Round","golf-the-round","","30min","No",""
"Goodsprings Ghost Town","goodsprings-ghost-town","Clark","8h","No",""
"Goulding's Lodge & Film Museum","gouldings-lodge-monument-valley","San Juan","8h","No",""
"Grafton","grafton","Washington County","5h","No",""
"Grafton Ghost Town","grafton-ghost-town-zion","Washington","30min","No",""
"Grafton Ghost Town","grafton-ghost-town-film","Washington","8h","No",""
"Grand Canyon National Park","grand-canyon-national-park","Coconino County","8h","No",""
"Grand Forks","grand-forks","Grand Forks County","12h","No",""
"Grand Island","grand-island","Hall County","12h","No",""
"Grand Junction","grand-junction","Mesa County","5h","No",""
"Grand Targhee Resort","grand-targhee-resort","Teton County","5h","No",""
"Grand Teton National Park","grand-teton-national-park","Teton County","5h","No",""
"Grand Teton National Park - Film Location","grand-teton-film-location","Teton","8h","No",""
"Grand Teton Underground","grand-teton-underground","","3h","No",""
"Granite Ghost Town","granite-ghost-town","","3h","No",""
"Granite Mountain Mine","granite-mountain-mine-butte","Silver Bow","5h","No",""
"Granite Park","granite-park","Salt Lake County","90min","No",""
"Granny's Drive Inn (Heber)","grannys-drive-inn-heber","Wasatch County","90min","No",""
"Grants Pass","grants-pass","Josephine County","12h","No",""
"Great Basin Brewing","great-basin-brewing","","90min","No",""
"Great Basin Museum","great-basin-museum","","3h","No",""
"Great Divide Brewing","great-divide-brewing","","90min","No",""
"Great Falls","great-falls","Cascade County","8h","No",""
"Great Salt Lake State Park","great-salt-lake-state-park-film","Salt Lake","3h","No",""
"Great Sand Dunes","great-sand-dunes","","3h","No",""
"Great Sand Dunes National Park","great-sand-dunes-national-park","Alamosa County","8h","No",""
"Greek Festival (Price)","greek-festival-price","Carbon County","3h","No",""
"Greek Souvlaki","greek-souvlaki","Salt Lake County","30min","No",""
"Green River Launch Complex","green-river-launch-complex","Emery","8h","No",""
"Green Spring Golf Course","green-spring-golf-course","","3h","No",""
"Grid City Beer Works","grid-city-beer-works","","90min","No",""
"Groene Family Murders","groene-family-murders-coeur-dalene","Kootenai","5h","No",""
"Grove Market","grove-market","Salt Lake County","30min","No",""
"Guardsman Pass","guardsman-pass","Summit County","90min","No",""
"Gunnison","gunnison","Gunnison County","8h","No",""
"Halloween House Reno","halloween-house-reno","","3h","No",""
"Hanford Site","hanford-site","","3h","No",""
"Hardware Ranch","hardware-ranch","Cache County","3h","No",""
"Harmons Observatory - BYU campus","harmons-observatory-byu-campus","Utah County","90min","No",""
"Harvey Casino Bombing","harvey-casino-bombing","Douglas","5h","No",""
"Haunted Field of Screams","field-of-screams-thornton","","3h","No",""
"Haunted Forest","haunted-forest-american-fork","","3h","No",""
"Haunted Hollow","haunted-hollow-ogden","","3h","No",""
"Haunted Mansions of Albion","haunted-mansions-albion","","3h","No",""
"Haunted Overload","haunted-overload-lee-nh","","3h","No",""
"Haunted Scarecrow American Horror Theater","haunted-scarecrow-abq","","3h","No",""
"Haunted Web","haunted-web-memphis","","3h","No",""
"Havasu Falls","havasu-falls","Coconino County","12h","No",""
"Havre","havre","Hill County","12h","No",""
"Head of Sinbad","head-of-sinbad","Emery County","5h","No",""
"Head-Smashed-In Buffalo Jump","head-smashed-in-buffalo-jump","Alberta","12h","No",""
"Headless Horseman Hayrides","headless-horseman-ulster-park","","3h","No",""
"Heart Mountain Relocation Center","heart-mountain-relocation","Park","8h","No",""
"Heather Dawn Church Case Sites","heather-dawn-church-colorado","El Paso","8h","No",""
"Heber City Rodeo","heber-city-rodeo","Wasatch County","90min","No",""
"Heber Inn","heber-inn-dumb-dumber","Wasatch","3h","No",""
"Heber Valley Brewing","heber-valley-brewing","","90min","No",""
"Heber Valley Cheese","heber-valley-cheese","Wasatch County","90min","No",""
"Heber Valley Railroad","heber-valley-railroad-film","Wasatch","3h","No",""
"Heber Valley Railroad","heber-valley-railroad","Wasatch County","90min","No",""
"Helena","helena","Lewis and Clark County","8h","No",""
"Helena Vigilante Trails","helena-vigilante-trails","Lewis and Clark","90min","No",""
"Hell's Backbone Grill & Farm","hells-backbone-grill-boulder","Garfield County","5h","No",""
"Hell's Half Acre","hells-half-acre","","3h","No",""
"Hells Canyon","hells-canyon","Wallowa County","8h","No",""
"HellScream","hellscream-colorado-springs","","3h","No",""
"HellsGate Haunted House","hellsgate-lockport","","3h","No",""
"Helper","helper","Carbon County","3h","No",""
"Helper Brewing","helper-brewing","","90min","No",""
"Helper Main Street","helper-main-street-film","Carbon","5h","No",""
"Helper Main Street","helper-main-street","Carbon County","3h","No",""
"Helper Railroad Museum","helper-railroad-museum","Carbon County","3h","No",""
"Henry Mountains Petrified Wood","henry-mountains-petrified-wood","Garfield County","8h","No",""
"Heritage Days (Tooele)","heritage-days-tooele","Tooele County","90min","No",""
"Herriman Library","herriman-library","Salt Lake County","90min","No",""
"Hi-Fi Murders Site","hi-fi-murders-ogden","Weber","3h","No",""
"Hi-Fi Murders Site","hi-fi-murders-site","","5h","No",""
"Hi-Mountain Drug","hi-mountain-drug-kamas","Summit County","90min","No",""
"Hiawatha","hiawatha","Idaho","12h","No",""
"High West Distillery","high-west-distillery","","90min","No",""
"Highway 111 - Nebraska Scene","highway-111-nebraska-scene","Salt Lake","3h","No",""
"Highway 12 - All-American Road","highway-12-all-american-road","Multiple Counties","5h","No",""
"Highway 163 - Monument Valley Approach","highway-163-monument-valley-approach","San Juan County","8h","No",""
"Highway 24 - Capitol Reef Scenic Drive","highway-24-capitol-reef-scenic-drive","Wayne County","3h","No",""
"Highway 261 - Moki Dugway Switchbacks","highway-261-moki-dugway-switchbacks","San Juan County","8h","No",""
"Highway 95 - Bicentennial Highway","highway-95-bicentennial-highway","Emery County","8h","No",""
"Hill Aerospace Museum","hill-aerospace-museum-ogden","","3h","No",""
"Hill Air Force Base","hill-air-force-base","Davis","3h","No",""
"Hill Air Force Base UFO History","hill-air-force-base-ufo","","3h","No",""
"Hillsdale Park","hillsdale-park","Salt Lake County","30min","No",""
"Hillside Park","hillside-park","Salt Lake County","30min","No",""
"Hires Big H","hires-big-h","Salt Lake County","30min","No",""
"Historic 25th Street - Ogden","historic-25th-ogden-yellowstone","Weber","3h","No",""
"Historic Brewing","historic-brewing","","90min","No",""
"Hive Winery","hive-winery","","3h","No",""
"Hobble Creek Golf Course","hobble-creek-golf-course","","3h","No",""
"Hogle Zoo","hogle-zoo-slc","","3h","No",""
"Hole-in-the-Rock Road","hole-in-the-rock-road","Garfield County","8h","No",""
"Holladay Library","holladay-library","Salt Lake County","30min","No",""
"Holladay Lions Fitness and Recreation Center","holladay-lions-fitness-and-recreation-center","Salt Lake County","30min","No",""
"Holy Ghost Campground","holy-ghost-campground-nm","","3h","No",""
"Homestead Crater","homestead-crater","Wasatch County","90min","No",""
"Hometown Days (Mapleton)","hometown-days-mapleton","Utah County","90min","No",""
"Hood River","hood-river","Hood River County","12h","No",""
"Hoover Dam","hoover-dam-westworld","Clark","8h","No",""
"Hoover Dam","hoover-dam","Clark County","8h","No",""
"Hoover Dam Worker Deaths","hoover-dam-worker-deaths","Clark","8h","No",""
"Hopkins Brewing Company","hopkins-brewing-company","Salt Lake County","30min","No",""
"Horseshoe Bend","horseshoe-bend","Coconino County","8h","No",""
"Horsetail Falls Pool","horsetail-falls-pool","Utah County","90min","No",""
"Hot Springs State Park","hot-springs-state-park","Hot Springs County","8h","No",""
"Hotel Monte Vista","hotel-monte-vista-flagstaff","","3h","No",""
"Hour of Darkness Haunted Trail","hour-of-darkness-farmington","","3h","No",""
"Hovenweep National Monument","hovenweep-national-monument","Montezuma County","8h","No",""
"Hub & Spoke Diner","hub-and-spoke-diner","Salt Lake County","30min","No",""
"Hunter Creek Pools","hunter-creek-pools","Idaho","8h","No",""
"Hunter Library","hunter-library","Salt Lake County","30min","No",""
"Hunter Park","hunter-park","Salt Lake County","30min","No",""
"Huntington Canyon","huntington-canyon","Emery County","90min","No",""
"Huntington Reservoir","huntington-reservoir","Emery County","3h","No",""
"Huntington, Utah","huntington-coal-country-charm","Emery County","3h","No",""
"Huntsman Center","huntsman-center","Salt Lake County","30min","No",""
"Huntsville Rodeo","huntsville-rodeo","Weber County","90min","No",""
"Hurricane Peach Days Rodeo","hurricane-peach-days-rodeo","Washington County","5h","No",""
"Hush Haunted Attractions","hush-haunted-westland","","3h","No",""
"I.J. & Jeanné Wagner Jewish Community Center","ij-and-jeanne-wagner-jewish-community-center","Salt Lake County","30min","No",""
"Iceberg Drive Inn","iceberg-drive-inn","Salt Lake County","30min","No",""
"Idaho Haunted Swamp","idaho-haunted-swamp","","3h","No",""
"Idaho Mining Ghost Towns","idaho-mining-ghost-towns","Custer","8h","No",""
"Idaho Unsolved Disappearances","idaho-unsolved-cases","Bonneville","8h","No",""
"Indian Creek Canyon","indian-creek-canyon","Salt Lake County","90min","No",""
"Indochine Vietnamese Bistro","indochine-vietnamese-bistro","Salt Lake County","30min","No",""
"Inlet Hot Springs","inlet-hot-springs","Salt Lake County","3h","No",""
"Inn on the Hill, The","inn-on-the-hill-the","Washington County","5h","No",""
"International Peace Gardens","international-peace-gardens","Salt Lake County","30min","No",""
"Iosepa","iosepa","Tooele County","90min","No",""
"Iron Goat Brewing","iron-goat-brewing","","90min","No",""
"Italian Festival (Helper)","italian-festival-helper","Carbon County","3h","No",""
"J. Willard Marriott Library","j-willard-marriott-library","Salt Lake County","30min","No",""
"Jackson","jackson","Teton County","5h","No",""
"Jackson Hole","jackson-hole-film-location","Teton","8h","No",""
"Jackson Hole Mountain Resort","jackson-hole-mountain-resort","Teton County","5h","No",""
"Jacob Hamblin Home","jacob-hamblin-home","","3h","No",""
"James E. Faust Law Library","james-e-faust-law-library","Salt Lake County","30min","No",""
"Jeremy Ranch Golf & Country Club","jeremy-ranch-golf-country-club","","3h","No",""
"Jerome, Arizona","jerome-arizona","","3h","No",""
"Jewel Cave National Monument","jewel-cave-national-monument","Custer County","12h","No",""
"Jodi Arias Murder Scene","jodi-arias-murder-mesa","Maricopa","5h","No",""
"John Day","john-day","Grant County","12h","No",""
"John Day Fossil Beds National Monument","john-day-fossil-beds-national-monument","Wheeler County","12h","No",""
"Johns Canyon","johns-canyon","Wayne County","5h","No",""
"Johnson Canyon/Alton Amphitheater","johnson-canyon-alton-amphitheater","Kane County","5h","No",""
"Johnson County War Sites","johnson-county-war-ta-ranch","Johnson","3h","No",""
"Jon M. And Karen Huntsman Basketball Facility","jon-m-and-karen-huntsman-basketball-facility","Salt Lake County","30min","No",""
"JonBenét Ramsey House","jonbenet-ramsey-house-boulder","Boulder","30min","No",""
"Jones Hole Fish Hatchery","jones-hole-fish-hatchery","Uintah County","5h","No",""
"Jordan Park Rose Garden","jordan-park-rose-garden","Salt Lake County","30min","No",""
"Jordanelle State Park - Provisional Dark Sky Park","jordanelle-state-park-provisional-dark-sky-park","Wasatch County","3h","No",""
"Joseph","joseph","Wallowa County","12h","No",""
"Joseph Hot Springs","joseph-hot-springs","Box Elder County","90min","No",""
"Joshua Tree National Park","joshua-tree-national-park","Riverside County","12h","No",""
"Kalispell","kalispell","Flathead County","12h","No",""
"Kamas Rodeo","kamas-rodeo","Summit County","90min","No",""
"Kanab - Little Hollywood's Western Sets","kanab-little-hollywood-western-sets","Kane County","5h","No",""
"Kanab Western Legends","kanab-western-legends","Kane County","5h","No",""
"Kanarraville Falls Pools","kanarraville-falls-pools","Iron County","5h","No",""
"Kane County Fair Rodeo","kane-county-fair-rodeo","Kane County","5h","No",""
"Kansas City","kansas-city","Wyandotte County","12h","No",""
"Kearney","kearney","Buffalo County","12h","No",""
"Kearns Library","kearns-library","Salt Lake County","30min","No",""
"Kearns Oquirrh Park Fitness Center","kearns-oquirrh-park-fitness-center","Salt Lake County","30min","No",""
"Ken Sanders Rare Books","ken-sanders-rare-books","Salt Lake County","30min","No",""
"Kennecott Copper Mine Overlook","kennecott-copper-mine-overlook","Salt Lake County","90min","No",""
"KettleHouse Brewing","kettlehouse-brewing","","90min","No",""
"Keystone","keystone","Summit County","12h","No",""
"Kiitos Brewing","kiitos-brewing","","90min","No",""
"King's English Bookshop, The","kings-english-bookshop-the","Salt Lake County","30min","No",""
"Kings Canyon National Park","kings-canyon-national-park","Fresno County","12h","No",""
"Kingston Clan Compounds","kingston-clan-compounds","Salt Lake","3h","No",""
"Kiplyn Davis Disappearance","kiplyn-davis-spanish-fork","Utah","5h","No",""
"Kirkham Hot Springs","kirkham-hot-springs","Boise County","5h","No",""
"Knights of Pythias Building","knights-pythias-cheyenne","","3h","No",""
"KnigtOfGore UNCAGED","knigtofgore-uncaged-gillette","","3h","No",""
"Knott's Berry Farm","knotts-berry-farm","Orange County","12h","No",""
"Kodachrome Basin State Park","kodachrome-basin-state-park","Garfield County","5h","No",""
"Kolob Terrace Road","kolob-terrace-road","Washington County","5h","No",""
"Kostopulos Dream Foundation","kostopulos-dream-foundation","Salt Lake County","30min","No",""
"Kyoto Japanese Restaurant","kyoto-japanese-restaurant","Salt Lake County","30min","No",""
"La Barba Coffee","la-barba-coffee","Salt Lake County","30min","No",""
"La Caille Restaurant - Sandy","la-caille-dumb-dumber","Salt Lake","3h","No",""
"La Cumbre Brewing","la-cumbre-brewing","","90min","No",""
"La Fonda","la-fonda-santa-fe","","3h","No",""
"La Grande","la-grande","Union County","8h","No",""
"La Sal Junction","la-sal-junction-transformers","Grand","8h","No",""
"La Sal Mountains","la-sal-mountains","Grand County","5h","No",""
"Lafferty Murders Site","lafferty-murders-american-fork","Utah","30min","No",""
"Lafferty Murders Site","lafferty-murders-site","","3h","No",""
"Lagoon Amusement Park","lagoon-amusement-park","Davis County","30min","No",""
"Lagoon Frightmares","lagoon-frightmares-farmington","","3h","No",""
"Lahontan Golf Club","lahontan-golf-club","","3h","No",""
"Lake Blanche Trail","lake-blanche-trail-big-cottonwood","","3h","No",""
"Lake Mead National Recreation Area","lake-mead-national-recreation-area","Clark County","8h","No",""
"Lake Powell / Glen Canyon","lake-powell-film-location","Coconino","8h","No",""
"Lake Tahoe","lake-tahoe","Douglas County","12h","No",""
"Laramie","laramie","Albany County","8h","No",""
"Las Vegas","las-vegas","Clark County","8h","No",""
"Las Vegas Mob Museum","vegas-mob-museum","Clark","8h","No",""
"Las Vegas Strip Mob Hits","vegas-strip-mob-hits","Clark","8h","No",""
"Lassen Volcanic National Park","lassen-volcanic-national-park","Shasta County","12h","No",""
"Lava Hot Springs","lava-hot-springs","Bannock County","3h","No",""
"LaVell Edwards Stadium","lavell-edwards-stadium","Utah County","90min","No",""
"Lavender Festival (Mona)","lavender-festival-mona","Juab County","90min","No",""
"Lead","lead","Lawrence County","12h","No",""
"Leadville","leadville","Lake County","8h","No",""
"Leadville Mining Deaths","leadville-mining-deaths","Lake","5h","No",""
"Leavenworth","leavenworth","Chelan County","12h","No",""
"Lee Vining","lee-vining","Mono County","12h","No",""
"Lehi Roller Mills - Footloose","lehi-roller-mills-footloose","","3h","No",""
"Lemp Haunted House","lemp-haunted-house-stl","","3h","No",""
"Lethbridge","lethbridge","Alberta","12h","No",""
"Level Crossing Brewing","level-crossing-brewing","","90min","No",""
"Lewiston Rodeo","lewiston-rodeo","Cache County","3h","No",""
"Liberal","liberal","Seward County","12h","No",""
"Liberty Park","liberty-park","Salt Lake County","30min","No",""
"Lilly Gray's Grave","lilly-grays-grave","","3h","No",""
"Little Bighorn Battlefield National Monument","little-bighorn-battlefield-national-monument","Big Horn County","12h","No",""
"Little Black Mountain Petroglyph Site","little-black-mountain-petroglyph-site","Iron County","5h","No",""
"Little Cottonwood Canyon Scenic Byway (SR-210)","little-cottonwood-canyon-scenic-byway","Salt Lake County","90min","No",""
"Little Hollywood Museum","little-hollywood-museum-kanab","Kane","8h","No",""
"Little Sahara Sand Dunes","little-sahara-sand-dunes","Juab County","3h","No",""
"Living Traditions Festival","living-traditions-festival","Salt Lake County","30min","No",""
"Livingston","livingston","Park County","8h","No",""
"Lockhart Basin","lockhart-basin","San Juan County","5h","No",""
"Log Haven Restaurant","log-haven-restaurant","Salt Lake County","90min","No",""
"Logan Canyon Scenic Byway","logan-canyon-scenic-byway","Cache County","3h","No",""
"Logan Country Club","logan-country-club","","3h","No",""
"Lone Pine","lone-pine","Inyo County","12h","No",""
"Lone Star Taqueria","lone-star-taqueria","Salt Lake County","30min","No",""
"Lori Hacking Murder Site","lori-hacking-murder-apartment","Salt Lake","30min","No",""
"Lori Hacking Recovery Site","lori-hacking-recovery-landfill","Salt Lake","3h","No",""
"Lorin Farr Pool - Ogden","lorin-farr-pool-sandlot","Weber","3h","No",""
"Los Alamos","los-alamos","","3h","No",""
"Los Angeles","los-angeles","Los Angeles County","12h","No",""
"Los Pollos Hermanos - Twisters","los-pollos-hermanos-albuquerque","Bernalillo","90min","No",""
"Lost Dutchman's Mine","the-lost-dutchmans-mine","","3h","No",""
"Lost Grove Brewing","lost-grove-brewing","","90min","No",""
"Loveland","loveland","Larimer County","8h","No",""
"Loveland Living Planet Aquarium","loveland-living-planet-aquarium","Salt Lake County","30min","No",""
"Lowman","lowman","Boise County","5h","No",""
"Lubbock","lubbock","Lubbock County","12h","No",""
"Lucin Cutoff","lucin-cutoff","Box Elder County","3h","No",""
"Lucky 13 Bar & Grill","lucky-13-bar-and-grill","Salt Lake County","30min","No",""
"Ludlow Massacre Monument","ludlow-massacre-monument","Las Animas","5h","No",""
"Mad Swede Brewing","mad-swede-brewing","","90min","No",""
"Magna - Copper Park","magna-copper-park","Salt Lake County","30min","No",""
"Magna Fitness and Recreation Center","magna-fitness-and-recreation-center","Salt Lake County","30min","No",""
"Magna Library","magna-library","Salt Lake County","30min","No",""
"Main Street Grill (Gunnison)","main-street-grill-gunnison","Sanpete County","3h","No",""
"Makoshika State Park","makoshika-state-park","Dawson County","12h","No",""
"Mammoth Lakes","mammoth-lakes","Mono County","12h","No",""
"Manitou Springs","manitou-springs","","3h","No",""
"Manson Family Barker Ranch","manson-barker-ranch-death-valley","Inyo","5h","No",""
"Manti Rodeo","manti-rodeo","Sanpete County","3h","No",""
"Manti Temple","manti-temple","Sanpete County","3h","No",""
"Manti-La Sal National Forest","manti-la-sal-national-forest","Multiple Counties","5h","No",""
"Manzanar National Historic Site","manzanar-national-historic-site","Inyo County","12h","No",""
"MAP Brewing","map-brewing","","90min","No",""
"Maple Canyon","maple-canyon","Sanpete County","3h","No",""
"Marble Brewery","marble-brewery","","90min","No",""
"Mark Hofmann Bombing Site - Holladay","mark-hofmann-bombing-holladay","Salt Lake","5h","No",""
"Mark Hofmann Bombing Site - Judge Building","mark-hofmann-bombing-judge","Salt Lake","5h","No",""
"Marmalade Branch (library)","marmalade-branch-library","Salt Lake County","30min","No",""
"Marmalade District","marmalade-district","Salt Lake County","30min","No",""
"Maroon Bells","maroon-bells","Pitkin County","8h","No",""
"Marriott Center","marriott-center","Utah County","90min","No",""
"Marv Jenson Recreation Center","marv-jenson-recreation-center","Davis County","30min","No",""
"Matthew Shepard Murder Site","matthew-shepard-murder-laramie","Albany","30min","No",""
"Maverik Center","maverik-center","Salt Lake County","30min","No",""
"Mazza","mazza","Salt Lake County","30min","No",""
"McCall Haunted Farm","mccall-haunted-farm-nm","","3h","No",""
"McConkie Ranch (Dry Fork)","mcconkie-ranch-dry-fork","Uintah County","5h","No",""
"McKamey Manor","mckamey-manor","","3h","No",""
"McKee Spring (Dinosaur National Monument)","mckee-spring-dinosaur-national-monument","Uintah County","5h","No",""
"McMinnville","mcminnville","Yamhill County","12h","No",""
"Meadow Hot Springs","meadow-hot-springs","Millard County","3h","No",""
"Medicine Hat","medicine-hat","Alberta","12h","No",""
"Medicine Wheel National Historic Landmark","medicine-wheel-wyoming","","3h","No",""
"Meditrina Small Plates & Wine Bar","meditrina-small-plates-and-wine-bar","Salt Lake County","30min","No",""
"Medora","medora","Billings County","12h","No",""
"Meeker Massacre","meeker-massacre-co","Rio Blanco","5h","No",""
"Melon Days (Green River)","melon-days-green-river","Emery County","5h","No",""
"Melon Days Demolition Derby","melon-days-demolition-derby-green-river","Emery County","5h","No",""
"Melvin Brewing","melvin-brewing","","90min","No",""
"Memory Grove - Lori Hacking Search","memory-grove-hacking-search","Salt Lake","30min","No",""
"Memory Grove Park","memory-grove-park","Salt Lake County","30min","No",""
"Merced","merced","Merced County","12h","No",""
"Mercur","mercur","Tooele County","90min","No",""
"Mesa Arch (Canyonlands)","mesa-arch-canyonlands","Grand County","5h","No",""
"Mesa Verde National Park","mesa-verde-film-location","Montezuma","8h","No",""
"Mesa Verde National Park","mesa-verde-national-park","Montezuma County","8h","No",""
"Mestizo Coffeehouse","mestizo-coffeehouse","Salt Lake County","30min","No",""
"Metro Music Hall","metro-music-hall","Salt Lake County","30min","No",""
"Mexicali","mexicali","Baja California","12h","No",""
"Mexican Hat","mexican-hat","San Juan County","8h","No",""
"Mexican Hat Rock","mexican-hat-rock","San Juan County","8h","No",""
"Midvale Boys & Girls Club","midvale-boys-girls-club","Salt Lake County","30min","No",""
"Mill B South","mill-b-south","Salt Lake County","30min","No",""
"Mill Canyon Dinosaur Trail","mill-canyon-dinosaur-trail","Grand County","5h","No",""
"Mill Creek - Moab Area","mill-creek-moab","Grand County","5h","No",""
"Mill of Madness","mill-of-madness-arizona","","3h","No",""
"Miller Park","miller-park","Salt Lake County","30min","No",""
"Millrace Park","millrace-park","Utah County","90min","No",""
"Mineral Mountains","mineral-mountains","Beaver County","5h","No",""
"Minnetonka Cave","minnetonka-cave","","3h","No",""
"Minnetonka Cave Mystery","minnetonka-cave-mystery","","3h","No",""
"Minot","minot","Ward County","12h","No",""
"Minuteman Missile National Historic Site","minuteman-missile-national-historic-site","Jackson County","12h","No",""
"Mirror Lake Highway","mirror-lake-highway","Summit County","3h","No",""
"Mirror Lake Highway Scenic Byway","mirror-lake-highway-scenic-byway","Summit County","3h","No",""
"Missoula","missoula","Missoula County","12h","No",""
"Missouri River Breaks","missouri-river-breaks-film","Chouteau","12h","No",""
"Moab Brewery","moab-brewery","","90min","No",""
"Moab Jeep Safari","moab-jeep-safari","Grand County","5h","No",""
"Modena","modena","Iron County","5h","No",""
"Modena Ghost Town","modena-ghost-town","Iron","8h","No",""
"Modesto","modesto","Stanislaus County","12h","No",""
"Modoc War Lava Beds","modoc-war-lava-beds","Siskiyou","12h","No",""
"Mojave National Preserve","mojave-national-preserve","San Bernardino County","8h","No",""
"Mom's Cafe","moms-cafe-salina","Sevier County","3h","No",""
"Mono Lake","mono-lake","Mono County","12h","No",""
"Monroe Hot Springs","monroe-hot-springs","Sevier County","3h","No",""
"Montana Film Office - Yellowstone Relocation Story","montana-film-office-yellowstone-relocation","","12h","No",""
"Monte Cristo","monte-cristo","Cache County","90min","No",""
"Monterey","monterey","Monterey County","12h","No",""
"Monticello - Blue Mountain gateway","monticello-blue-mountain-gateway","San Juan County","5h","No",""
"Monticello City Hall","monticello-city-hall","","3h","No",""
"Monument Valley Navajo Tribal Park","monument-valley-tribal-park","San Juan","8h","No",""
"Moochie's Meatballs","moochies-meatballs","Salt Lake County","30min","No",""
"Moon Craters (Expansion)","moon-craters-expansion","","3h","No",""
"Moonscape Overlook","moonscape-overlook","Wayne County","5h","No",""
"Morgan County Courthouse","morgan-county-courthouse","","3h","No",""
"Morgan County Fair","morgan-county-fair","Morgan County","90min","No",""
"Morgan Rodeo","morgan-rodeo","Morgan County","90min","No",""
"Morrison Formation","morrison-formation","Uintah County","5h","No",""
"Moscow Murders","moscow-murders-u-idaho","Latah","30min","No",""
"Mother Road Brewing","mother-road-brewing","","90min","No",""
"Moundsville Penitentiary","moundsville-penitentiary","","3h","No",""
"Mount Bachelor","mount-bachelor","Deschutes County","12h","No",""
"Mount Elbert","mount-elbert","Lake County","8h","No",""
"Mount Hood","mount-hood","Clackamas County","12h","No",""
"Mount Olympus Trail","mount-olympus-trail","Salt Lake County","30min","No",""
"Mount Rainier National Park","mount-rainier-national-park","Pierce County","12h","No",""
"Mount Rushmore National Memorial","mount-rushmore-national-memorial","Pennington County","12h","No",""
"Mount Shasta","mount-shasta","","3h","No",""
"Mount St. Helens","mount-st-helens","Skamania County","12h","No",""
"Mount Whitney","mount-whitney","Inyo County","12h","No",""
"Mountain Dell Golf Course","mountain-dell-golf-course","","3h","No",""
"Mountain Dell Golf Course - Canyon","mountain-dell-golf-canyon-course","","3h","No",""
"Mountain Dell Golf Course - Lake","mountain-dell-golf-lake-course","","3h","No",""
"Mountain Meadows Massacre Site","mountain-meadows-massacre-site","","5h","No",""
"Mountain Meadows Massacre Site","mountain-meadows-massacre","Washington","8h","No",""
"Mountain West Cider","mountain-west-cider","Salt Lake County","30min","No",""
"Mountain West Hard Cider","mountain-west-hard-cider","","90min","No",""
"Mrs. Cavanaugh's Chocolate Factory","mrs-cavanaughs-chocolate-factory","","3h","No",""
"Mt. Pleasant Rodeo","mt-pleasant-rodeo","Sanpete County","3h","No",""
"Mt. Pleasant Scandinavian Heritage Downtown","mt-pleasant-scandinavian-heritage-downtown","Sanpete County","3h","No",""
"Muir Woods National Monument","muir-woods-national-monument","Marin County","12h","No",""
"Mule Canyon","mule-canyon","San Juan County","8h","No",""
"Muley Point","muley-point","San Juan County","8h","No",""
"Mumbai House","mumbai-house","Salt Lake County","30min","No",""
"Murray Aquatic Center","murray-aquatic-center","Salt Lake County","30min","No",""
"Murray Boys & Girls Club","murray-boys-girls-club","Salt Lake County","30min","No",""
"Murray City Museum","murray-city-museum","Salt Lake County","30min","No",""
"Murray Park","murray-park","Salt Lake County","30min","No",""
"Museum of Moab","museum-of-moab","","3h","No",""
"Museum of the Rockies","museum-of-the-rockies","Gallatin County","8h","No",""
"Mustang Ranch Murders","mustang-ranch-murders","Storey","90min","No",""
"Mutual","mutual","Salt Lake County","30min","No",""
"Mystery Escape Room","mystery-escape-room","Salt Lake County","30min","No",""
"Mystic Hot Springs","mystic-hot-springs-monroe","Sevier County","3h","No",""
"Napa","napa","Napa County","12h","No",""
"Napa Valley","napa-valley","Napa County","12h","No",""
"National (Ghost Town)","national-ghost-town","Emery County","5h","No",""
"Natural Bridges National Monument","natural-bridges-national-monument","San Juan County","8h","No",""
"Natural History Museum of Utah","natural-history-museum-utah","","3h","No",""
"Nebo Loop National Scenic Byway","nebo-loop-national-scenic-byway","Juab County","3h","No",""
"Negro Bill Canyon Pools","negro-bill-canyon-pools","Grand County","5h","No",""
"Nelson Ghost Town","nelson-ghost-town-nv","Clark","8h","No",""
"Nephi Territorial Statehouse","nephi-statehouse","","3h","No",""
"Nephi Ute Stampede","nephi-ute-stampede","Juab County","90min","No",""
"Nevada State Prison","nevada-state-prison-carson","Carson City","90min","No",""
"Nevada Test Site","nevada-test-site","Nye","3h","No",""
"New Belgium Brewing","new-belgium-brewing","","90min","No",""
"New Mexico Pueblo Conflicts","nm-pueblo-conflicts","Rio Arriba","12h","No",""
"Newhouse","newhouse","Beaver County","5h","No",""
"Newspaper Rock State Historic Monument","newspaper-rock","","3h","No",""
"Newspaper Rock State Historical Monument","newspaper-rock-state-historical-monument","San Juan County","8h","No",""
"Next Door","next-door","Salt Lake County","30min","No",""
"Nez Perce War Sites","nez-perce-war-idaho","Idaho","90min","No",""
"Nibley Park","nibley-park","Salt Lake County","30min","No",""
"Nibley Park Golf Course","nibley-park-golf-course","","3h","No",""
"Nielsen's Frozen Custard","nielsens-frozen-custard","Salt Lake County","30min","No",""
"Night Stalker Haunted Trail","night-stalker-west-jordan","","3h","No",""
"Nightfall at Old Tucson","nightfall-old-tucson","","3h","No",""
"Nightmare on 13th","nightmare-on-13th-slc","","3h","No",""
"Nightmare on 17th Street","nightmare-17th-cheyenne","","3h","No",""
"Nine Mile Canyon","nine-mile-canyon","Carbon County","3h","No",""
"NM Slaughter House","nm-slaughter-house-abq","","3h","No",""
"No Name Saloon & Grill","no-name-saloon-grill","Summit County","90min","No",""
"No-Li Brewhouse","no-li-brewhouse","","90min","No",""
"NORAD Cheyenne Mountain","norad-cheyenne-mountain","El Paso","8h","No",""
"Norris Hot Springs","norris-hot-springs","Madison County","8h","No",""
"North Cascades National Park","north-cascades-national-park","Whatcom County","12h","No",""
"North Fork Park (Ogden Valley) - Dark Sky Park","north-fork-park-ogden-valley-dark-sky-park","Weber County","90min","No",""
"North Platte","north-platte","Lincoln County","12h","No",""
"Northwest Recreation Center","northwest-recreation-center","Salt Lake County","30min","No",""
"Notch Peak (House Range)","notch-peak-house-range","Millard County","5h","No",""
"Nutty Putty Cave","nutty-putty-cave","","3h","No",""
"Oakley Rodeo","oakley-rodeo","Summit County","90min","No",""
"Oatman Ghost Town","oatman-ghost-town","Mohave","8h","No",""
"Obsidian Hill (Black Rock)","obsidian-hill-black-rock","Millard County","90min","No",""
"Ocean City Market","ocean-city-market","Salt Lake County","30min","No",""
"Odell Brewing","odell-brewing","","90min","No",""
"Offset Bier","offset-bier","","90min","No",""
"Ogden Historic 25th Street","ogden-historic-25th-street","","3h","No",""
"Ogden Pioneer Days Rodeo","ogden-pioneer-days-rodeo","Weber County","90min","No",""
"Ogden River Scenic Byway","ogden-river-scenic-byway","Weber County","90min","No",""
"Ogden's Own Distillery","ogdens-own-distillery","","90min","No",""
"Oh Mai*","oh-mai-all-locations","Salt Lake County","30min","No",""
"Ojo Caliente Mineral Springs","ojo-caliente-mineral-springs","Rio Arriba County","12h","No",""
"Old Idaho Penitentiary","old-idaho-penitentiary-boise","Ada","8h","No",""
"Old Irontown","old-irontown","Iron County","5h","No",""
"Old Montana Prison","old-montana-prison-deer-lodge","Powell","90min","No",""
"Old New Mexico Penitentiary Riot","nm-pen-riot-1980","Santa Fe","3h","No",""
"Old Utah State Prison","old-utah-state-prison-draper","Salt Lake","3h","No",""
"Olympia","olympia","Thurston County","12h","No",""
"Olympic National Park","olympic-national-park","Clallam County","12h","No",""
"Olympus Burgers","olympus-burgers","Salt Lake County","30min","No",""
"Olympus Hills Park","olympus-hills-park","Salt Lake County","30min","No",""
"Omaha","omaha","Douglas County","12h","No",""
"Onion Creek","onion-creek","Grand County","5h","No",""
"Onion Days (Payson)","onion-days-payson","Utah County","90min","No",""
"Ophir","ophir","Tooele County","90min","No",""
"Ophir Ghost Town","ophir-ghost-town","","3h","No",""
"Oquirrh Park","oquirrh-park","Salt Lake County","30min","No",""
"Orderville Canyon Pools","orderville-canyon-pools","Kane County","5h","No",""
"Oregon Caves National Monument","oregon-caves-national-monument","Josephine County","12h","No",""
"Ott Planetarium - Weber State","ott-planetarium-weber-state","Weber County","90min","No",""
"Otter Creek Reservoir","otter-creek-reservoir","","3h","No",""
"Ouray","ouray","Ouray County","8h","No",""
"Ouray, Utah","ouray-utah","Uintah County","5h","No",""
"Out of the Blue","out-of-the-blue","Salt Lake County","30min","No",""
"Outlaw Trail Festival (Vernal)","outlaw-trail-festival-vernal","Uintah County","5h","No",""
"Outpost-X","outpost-x","Washington County","5h","No",""
"Overland Park","overland-park","Johnson County","12h","No",""
"Paa-Ko Ridge Golf Club","paa-ko-ridge-golf-club","","3h","No",""
"Page","page","Coconino County","8h","No",""
"Pagosa Springs","pagosa-springs","Archuleta County","8h","No",""
"Pah Tempe Hot Springs (Hurricane)","pah-tempe-hot-springs-hurricane","Washington County","5h","No",""
"Painted Hills","painted-hills","Wheeler County","12h","No",""
"Palisade State Park","palisade-state-park","Sanpete County","3h","No",""
"Pallet","pallet","Salt Lake County","30min","No",""
"Palm Springs","palm-springs","Riverside County","12h","No",""
"Palo Duro Canyon State Park","palo-duro-canyon-state-park","Randall County","12h","No",""
"Panguitch City Office","panguitch-city-office","","3h","No",""
"Paria Canyon Road","paria-canyon-road","Kane County","8h","No",""
"Park Cafe, The","park-cafe-the","Salt Lake County","30min","No",""
"Park City Alpine Slide","park-city-alpine-slide","","30min","No",""
"Park City Brewing","park-city-brewing","","90min","No",""
"Park City Food & Wine Classic","park-city-food-wine-classic","Summit County","90min","No",""
"Park City Golf Club","park-city-golf-club","","3h","No",""
"Park City Main Street","park-city-main-street-film","Summit","3h","No",""
"Park City Miners Day","park-city-miners-day","Summit County","90min","No",""
"Park City Museum","park-city-museum","","3h","No",""
"Park Meadows Country Club","park-meadows-country-club","","3h","No",""
"Parowan","parowan","Iron County","5h","No",""
"Parowan Gap","parowan-gap","Iron County","5h","No",""
"Parry Lodge - Kanab","parry-lodge-kanab","Kane","8h","No",""
"Pat's BBQ","pats-bbq","Salt Lake County","30min","No",""
"Payette Brewing","payette-brewing","","90min","No",""
"Payson High School - Footloose","payson-high-school-footloose","","3h","No",""
"Peach Days (Brigham City)","peach-days-brigham-city","Box Elder County","90min","No",""
"Peerless Distilling Co.","peerless-distilling-co","Salt Lake County","30min","No",""
"Pendleton","pendleton","Umatilla County","12h","No",""
"Petrified Forest National Park","petrified-forest-national-park","Apache County","12h","No",""